[
  {

"name":"dior",
"market":"new york",
"reportType":"program",
"date":"13/01/2018",
"period":"September 2018",
"img":"/showcase/images/1.jpg"
  },
  {
    "name":"gucci",
    "market":"los vegas",
    "reportType":"program",
    "date":"17/11/2015",
    "period":"August 2013"
      },
      {
        "name":"adidas",
        "market":"germany",
        "reportType":"program",
        "date":"20/04/2016",
        "period":"november 2017"
          },
          {
            "name":"galce & gabana",
            "market":"new york",
            "reportType":"program",
            "date":"29/05/2018",
            "period":"August 2013"
              },
              {
                "name":"gucci",
                "market":"los vegas",
                "reportType":"program",
                "date":"17/11/2015",
                "period":"August 2013"
                  },
                  {
                    "name":"nike",
                    "market":"germany",
                    "reportType":"Time period",
                    "date":"20/04/2016",
                    "period":"September 2018"
                      },
                      {
                        "name":"dior",
                        "market":"new york",
                        "reportType":"Time period",
                        "date":"13/01/2018",
                        "period":"September 2018"
                          },
                          {
                            "name":"gucci",
                            "market":"los vegas",
                            "reportType":"Time period",
                            "date":"17/11/2015",
                            "period":"August 2013"
                              },
                              {
                                "name":"adidas",
                                "market":"germany",
                                "reportType":"program",
                                "date":"20/04/2016",
                                "period":"September 2018"
                                  },
                                  {
                                    "name":"dior",
                                    "market":"new york",
                                    "reportType":"Time period",
                                    "date":"13/01/2018",
                                    "period":"September 2018"
                                      },
                                      {
                                        "name":"gucci",
                                        "market":"los vegas",
                                        "reportType":"Time period",
                                        "date":"10/11/2015",
                                        "period":"September 2018"
                                          },
                                          {
                                            "name":"adidas",
                                            "market":"germany",
                                            "reportType":"Time period",
                                            "date":"20/04/2016",
                                            "period":"September 2018"
                                              },
                                              {
                                                "name":"dior",
                                                "market":"new york",
                                                "reportType":"program",
                                                "date":"13/08/2018",
                                                "period":"September 2018"
                                                  },
                                                  {
                                                    "name":"gucci",
                                                    "market":"los vegas",
                                                    "reportType":"program",
                                                    "date":"17/11/2015",
                                                    "period":"September 2018"
                                                      },
                                                       {
                                                        "name":"adidas",
                                                        "market":"germany",
                                                        "reportType":"Time period",
                                                        "date":"22/04/2016",
                                                        "period":"September 2018"
                                                          }
]

