{
  "employees": [
    {
      "id": 1,
      "name": "The Alchemist",
      "author": "paulo cohleo",
      "date": "1985",
      "genre": "comedy",
      "review1": "The Pyramids of Giza Early in his arrival to Africa a man who claims to be able to take Santiago to the pyramids instead robs him of what money he had made from selling his sheep. Santiago then embarks on a long path of working for a crystal merchant so as to make enough money to fulfil his personal legend and go to the pyramids.",
      "rating": 5,
      "review2": "Along the way, the boy meets an Englishman who has come in search of an alchemist and continues his travels in his new companion's company. When they reach an oasis, Santiago meets and falls in love with an Arabian girl named Fatima, to whom he proposes marriage. She promises to do so only after he completes his journey. Frustrated at first, he later learns that true love will not stop nor must one sacrifice to it one's personal destiny, since to do so robs it of truth. ",
      "language": "english",
      "comments": [
        {
          "user": "sdjj",
          "rating": 5
        }
      ]
    },
    {
      "id": 2,
      "name": "Eleven Minutes",
      "author": "paulo cohleo",
      "date": "1986",
      "genre": "thriller",
      "review1": "The Pyramids of Giza Early in his arrival to Africa a man who claims to be able to take Santiago to the pyramids instead robs him of what money he had made from selling his sheep. Santiago then embarks on a long path of working for a crystal merchant so as to make enough money to fulfil his personal legend and go to the pyramids.",
      "review2": "Along the way, the boy meets an Englishman who has come in search of an alchemist and continues his travels in his new companion's company. When they reach an oasis, Santiago meets and falls in love with an Arabian girl named Fatima, to whom he proposes marriage. She promises to do so only after he completes his journey. Frustrated at first, he later learns that true love will not stop nor must one sacrifice to it one's personal destiny, since to do so robs it of truth. ",
      "rating": 2,
      "language": "english",
      "comments": []
    },
    {
      "id": 3,
      "name": "The Devil And Miss Prym",
      "author": "paulo cohleo",
      "date": "1985",
      "genre": "thriller",
      "review1": "The Pyramids of Giza Early in his arrival to Africa a man who claims to be able to take Santiago to the pyramids instead robs him of what money he had made from selling his sheep. Santiago then embarks on a long path of working for a crystal merchant so as to make enough money to fulfil his personal legend and go to the pyramids.",
      "review2": "Along the way, the boy meets an Englishman who has come in search of an alchemist and continues his travels in his new companion's company. When they reach an oasis, Santiago meets and falls in love with an Arabian girl named Fatima, to whom he proposes marriage. She promises to do so only after he completes his journey. Frustrated at first, he later learns that true love will not stop nor must one sacrifice to it one's personal destiny, since to do so robs it of truth. ",
      "rating": 2,
      "language": "english",
      "comments": []
    },
    {
      "id": 4,
      "name": "Swamy and friends",
      "author": "R.K.Narayan",
      "date": "1987",
      "genre": "social",
      "review1": "The Pyramids of Giza Early in his arrival to Africa a man who claims to be able to take Santiago to the pyramids instead robs him of what money he had made from selling his sheep. Santiago then embarks on a long path of working for a crystal merchant so as to make enough money to fulfil his personal legend and go to the pyramids.",
      "review2": "Along the way, the boy meets an Englishman who has come in search of an alchemist and continues his travels in his new companion's company. When they reach an oasis, Santiago meets and falls in love with an Arabian girl named Fatima, to whom he proposes marriage. She promises to do so only after he completes his journey. Frustrated at first, he later learns that true love will not stop nor must one sacrifice to it one's personal destiny, since to do so robs it of truth. ",
      "rating": 1,
      "language": "english",
      "comments": []
    },
    {
      "id": 5,
      "name": "brida",
      "author": "paulo cohleo",
      "date": "1985",
      "genre": "inspiration",
      "review1": "The Pyramids of Giza Early in his arrival to Africa a man who claims to be able to take Santiago to the pyramids instead robs him of what money he had made from selling his sheep. Santiago then embarks on a long path of working for a crystal merchant so as to make enough money to fulfil his personal legend and go to the pyramids.",
      "review2": "Along the way, the boy meets an Englishman who has come in search of an alchemist and continues his travels in his new companion's company. When they reach an oasis, Santiago meets and falls in love with an Arabian girl named Fatima, to whom he proposes marriage. She promises to do so only after he completes his journey. Frustrated at first, he later learns that true love will not stop nor must one sacrifice to it one's personal destiny, since to do so robs it of truth. ",
      "rating": 2,
      "comments": []
    },
    {
      "id": 6,
      "name": "the zahir",
      "author": "paulo cohleo",
      "date": "1985",
      "genre": "thriller",
      "rating": 4,
      "review1": "The Pyramids of Giza Early in his arrival to Africa a man who claims to be able to take Santiago to the pyramids instead robs him of what money he had made from selling his sheep. Santiago then embarks on a long path of working for a crystal merchant so as to make enough money to fulfil his personal legend and go to the pyramids.",
      "review2": "Along the way, the boy meets an Englishman who has come in search of an alchemist and continues his travels in his new companion's company. When they reach an oasis, Santiago meets and falls in love with an Arabian girl named Fatima, to whom he proposes marriage. She promises to do so only after he completes his journey. Frustrated at first, he later learns that true love will not stop nor must one sacrifice to it one's personal destiny, since to do so robs it of truth. "
    },
    {
      "id": 7,
      "name": "pilgrimage",
      "author": "paulo cohleo",
      "date": "1988",
      "genre": "slice of life",
      "review1": "The Pyramids of Giza Early in his arrival to Africa a man who claims to be able to take Santiago to the pyramids instead robs him of what money he had made from selling his sheep. Santiago then embarks on a long path of working for a crystal merchant so as to make enough money to fulfil his personal legend and go to the pyramids.",
      "review2": "Along the way, the boy meets an Englishman who has come in search of an alchemist and continues his travels in his new companion's company. When they reach an oasis, Santiago meets and falls in love with an Arabian girl named Fatima, to whom he proposes marriage. She promises to do so only after he completes his journey. Frustrated at first, he later learns that true love will not stop nor must one sacrifice to it one's personal destiny, since to do so robs it of truth. ",
      "rating": 3,
      "comments": []
    },
    {
      "id": 8,
      "name": "the monk who sold his ferrari",
      "author": "robin sharma",
      "date": "1990",
      "genre": "inspiration",
      "rating": 5,
      "review1": "The Pyramids of Giza Early in his arrival to Africa a man who claims to be able to take Santiago to the pyramids instead robs him of what money he had made from selling his sheep. Santiago then embarks on a long path of working for a crystal merchant so as to make enough money to fulfil his personal legend and go to the pyramids.",
      "review2": "Along the way, the boy meets an Englishman who has come in search of an alchemist and continues his travels in his new companion's company. When they reach an oasis, Santiago meets and falls in love with an Arabian girl named Fatima, to whom he proposes marriage. She promises to do so only after he completes his journey. Frustrated at first, he later learns that true love will not stop nor must one sacrifice to it one's personal destiny, since to do so robs it of truth. "
    },
    {
      "id": 9,
      "name": "discover your destiny",
      "author": "robin sharma",
      "date": "1990",
      "genre": "slice of life",
      "rating": 4,
      "review1": "The Pyramids of Giza Early in his arrival to Africa a man who claims to be able to take Santiago to the pyramids instead robs him of what money he had made from selling his sheep. Santiago then embarks on a long path of working for a crystal merchant so as to make enough money to fulfil his personal legend and go to the pyramids.",
      "review2": "Along the way, the boy meets an Englishman who has come in search of an alchemist and continues his travels in his new companion's company. When they reach an oasis, Santiago meets and falls in love with an Arabian girl named Fatima, to whom he proposes marriage. She promises to do so only after he completes his journey. Frustrated at first, he later learns that true love will not stop nor must one sacrifice to it one's personal destiny, since to do so robs it of truth. "
    },
    {
      "id": 10,
      "name": "who cries when you die",
      "author": "robin sharma",
      "date": "1991",
      "genre": "horror",
      "rating": 3,
      "review1": "The Pyramids of Giza Early in his arrival to Africa a man who claims to be able to take Santiago to the pyramids instead robs him of what money he had made from selling his sheep. Santiago then embarks on a long path of working for a crystal merchant so as to make enough money to fulfil his personal legend and go to the pyramids.",
      "review2": "Along the way, the boy meets an Englishman who has come in search of an alchemist and continues his travels in his new companion's company. When they reach an oasis, Santiago meets and falls in love with an Arabian girl named Fatima, to whom he proposes marriage. She promises to do so only after he completes his journey. Frustrated at first, he later learns that true love will not stop nor must one sacrifice to it one's personal destiny, since to do so robs it of truth. "
    },
    {
      "id": 11,
      "name": "the secret letters",
      "author": "robin sharma",
      "date": "1989",
      "genre": "mystery",
      "rating": 4,
      "review1": "The Pyramids of Giza Early in his arrival to Africa a man who claims to be able to take Santiago to the pyramids instead robs him of what money he had made from selling his sheep. Santiago then embarks on a long path of working for a crystal merchant so as to make enough money to fulfil his personal legend and go to the pyramids.",
      "review2": "Along the way, the boy meets an Englishman who has come in search of an alchemist and continues his travels in his new companion's company. When they reach an oasis, Santiago meets and falls in love with an Arabian girl named Fatima, to whom he proposes marriage. She promises to do so only after he completes his journey. Frustrated at first, he later learns that true love will not stop nor must one sacrifice to it one's personal destiny, since to do so robs it of truth. "
    },
    {
      "id": 12,
      "name": "the 5am club",
      "author": "robin sharma",
      "date": "1988",
      "genre": "mystery",
      "rating": 2
    },
    {
      "id": 13,
      "name": "fantastic mr.fox",
      "author": "roald dahl",
      "date": "1985",
      "rating": 5,
      "genre": "slice of life"
    },
    {
      "id": 14,
      "name": "matilda",
      "author": "roald dahl",
      "date": "1985",
      "genre": "inspiration",
      "rating": 3
    },
    {
      "id": 15,
      "name": "journey of the magi",
      "author": "t.s. elliot",
      "date": "1985",
      "genre": "slice of life",
      "rating": 4,
      "review1": "Journey of the Magi is a 43-line poem written in 1927 by T. S. Eliot. It is one of five poems that Eliot contributed for a series of 38 pamphlets by several authors collectively titled Ariel poems and released by British publishing house Faber and Gwyer"
    },
    {
      "id": 16,
      "name": "four quartets",
      "author": "t.s. elliot",
      "date": "1987",
      "genre": "mystery",
      "review1": "Four Quartets is a set of four poems written by T. S. Eliot that were published over a six-year period.",
      "rating": 1
    },
    {
      "id": 17,
      "name": "macbeth",
      "author": "william shakespheare",
      "date": "1986",
      "genre": "thriller",
      "rating": 4,
      "review1": "Macbeth is a tragedy by William Shakespeare; it is thought to have been first performed in 1606. It dramatises the damaging physical and psychological effects of political ambition on those who seek power for its own sake."
    },
    {
      "id": 18,
      "name": "the merchant of venice",
      "author": "william shakespheare",
      "date": "1988",
      "genre": "love",
      "rating": 3,
      "review1": "The Merchant of Venice is a 16th-century play written by William Shakespeare in which a merchant in Venice must default on a large loan provided by a Jewish moneylender, Shylock. It is believed to have been written between 1596 and 1599"
    },
    {
      "id": 19,
      "name": "king henry",
      "author": "william shakespheare",
      "date": "1985",
      "genre": "love",
      "rating": 2,
      "review1": "Henry VIII was King of England from 1509 until his death. Henry was the second Tudor monarch, succeeding his father, Henry VII. Henry is best known for his six marriages, in particular his efforts to have his first marriage, to Catherine of Aragon, annulled"
    },
    {
      "id": 20,
      "name": "as you like it",
      "author": "william shakespheare",
      "date": "1990",
      "genre": "comedy",
      "rating": 4,
      "review1": "As You Like It is a pastoral comedy by William Shakespeare believed to have been written in 1599 and first published in the First Folio in 1623. The play's first performance is uncertain, though a performance at Wilton House in 1603 has been suggested as a possibility."
    },
    {
      "id": 21,
      "name": "the postmaster",
      "author": "rabindranath tagore",
      "date": "1990",
      "genre": "slice of life",
      "rating": 1
    },
    {
      "id": 22,
      "name": "road to mysore",
      "author": "ruskin bond",
      "date": "1990",
      "genre": "slice of life",
      "rating": 3
    },
    {
      "id": 23,
      "name": "perfect murder",
      "author": "ruskin bond",
      "date": "1991",
      "genre": "mystery",
      "rating": 1
    },
    {
      "id": 25,
      "name": "cherry tree",
      "author": "ruskin bond",
      "date": "1989",
      "genre": "short stories",
      "rating": 2
    },
    {
      "id": 26,
      "name": "the room in the roof",
      "author": "ruskin bond",
      "date": "1988",
      "genre": "short stories",
      "rating": 2
    },
    {
      "id": 27,
      "name": "the blue umbrella",
      "author": "ruskin bond",
      "date": "1990",
      "genre": "fantasy",
      "rating": 2
    },
    {
      "id": 28,
      "name": "the tiger in the tunnel",
      "author": "ruskin bond",
      "date": "1990",
      "genre": "thriller",
      "rating": 5
    }
  ],
  "books-admin": [
    {
      "id": 2,
      "name": "Eleven Minutes",
      "author": "paulo cohleo",
      "date": "1997",
      "genre": "thriller",
      "review1": "The Pyramids of Giza Early in his arrival to Africa a man who claims to be able to take Santiago to the pyramids instead robs him of what money he had made from selling his sheep. Santiago then embarks on a long path of working for a crystal merchant so as to make enough money to fulfil his personal legend and go to the pyramids.",
      "review2": "Along the way, the boy meets an Englishman who has come in search of an alchemist and continues his travels in his new companion's company. When they reach an oasis, Santiago meets and falls in love with an Arabian girl named Fatima, to whom he proposes marriage. She promises to do so only after he completes his journey. Frustrated at first, he later learns that true love will not stop nor must one sacrifice to it one's personal destiny, since to do so robs it of truth. ",
      "rating": 2,
      "language": "english"
    },
    {
      "id": 10,
      "name": "who cries when you die",
      "author": "robin sharma",
      "date": "2002",
      "genre": "horror",
      "rating": 3,
      "review1": "The Pyramids of Giza Early in his arrival to Africa a man who claims to be able to take Santiago to the pyramids instead robs him of what money he had made from selling his sheep. Santiago then embarks on a long path of working for a crystal merchant so as to make enough money to fulfil his personal legend and go to the pyramids.",
      "review2": "Along the way, the boy meets an Englishman who has come in search of an alchemist and continues his travels in his new companion's company. When they reach an oasis, Santiago meets and falls in love with an Arabian girl named Fatima, to whom he proposes marriage. She promises to do so only after he completes his journey. Frustrated at first, he later learns that true love will not stop nor must one sacrifice to it one's personal destiny, since to do so robs it of truth. "
    },
    {
      "id": 3,
      "name": "The Devil And Miss Prym",
      "author": "paulo cohleo",
      "date": "2005",
      "genre": "thriller",
      "review1": "The Pyramids of Giza Early in his arrival to Africa a man who claims to be able to take Santiago to the pyramids instead robs him of what money he had made from selling his sheep. Santiago then embarks on a long path of working for a crystal merchant so as to make enough money to fulfil his personal legend and go to the pyramids.",
      "review2": "Along the way, the boy meets an Englishman who has come in search of an alchemist and continues his travels in his new companion's company. When they reach an oasis, Santiago meets and falls in love with an Arabian girl named Fatima, to whom he proposes marriage. She promises to do so only after he completes his journey. Frustrated at first, he later learns that true love will not stop nor must one sacrifice to it one's personal destiny, since to do so robs it of truth. ",
      "rating": 2,
      "language": "english"
    },
    {
      "id": 15,
      "name": "journey of the magi",
      "author": "t.s. elliot",
      "date": "1985",
      "genre": "slice of life",
      "rating": 4,
      "review1": "Journey of the Magi is a 43-line poem written in 1927 by T. S. Eliot. It is one of five poems that Eliot contributed for a series of 38 pamphlets by several authors collectively titled Ariel poems and released by British publishing house Faber and Gwyer"
    },
    {
      "id": 19,
      "name": "king henry",
      "author": "william shakespheare",
      "date": "1985",
      "genre": "love",
      "rating": 2,
      "review1": "Henry VIII was King of England from 1509 until his death. Henry was the second Tudor monarch, succeeding his father, Henry VII. Henry is best known for his six marriages, in particular his efforts to have his first marriage, to Catherine of Aragon, annulled"
    },
    {
      "id": 14,
      "name": "matilda",
      "author": "roald dahl",
      "date": "2005",
      "genre": "inspiration",
      "rating": 3
    },
    {
      "id": 8,
      "name": "the monk who sold his ferrari",
      "author": "robin sharma",
      "date": "1990",
      "genre": "inspiration",
      "rating": 5,
      "review1": "The Pyramids of Giza Early in his arrival to Africa a man who claims to be able to take Santiago to the pyramids instead robs him of what money he had made from selling his sheep. Santiago then embarks on a long path of working for a crystal merchant so as to make enough money to fulfil his personal legend and go to the pyramids.",
      "review2": "Along the way, the boy meets an Englishman who has come in search of an alchemist and continues his travels in his new companion's company. When they reach an oasis, Santiago meets and falls in love with an Arabian girl named Fatima, to whom he proposes marriage. She promises to do so only after he completes his journey. Frustrated at first, he later learns that true love will not stop nor must one sacrifice to it one's personal destiny, since to do so robs it of truth. "
    },
    {
      "id": 22,
      "name": "road to mysore",
      "author": "ruskin bond",
      "date": "1990",
      "genre": "slice of life",
      "rating": 3
    },
    {
      "id": 6,
      "name": "the zahir",
      "author": "paulo cohleo",
      "date": "1985",
      "genre": "thriller",
      "rating": 4,
      "review1": "The Pyramids of Giza Early in his arrival to Africa a man who claims to be able to take Santiago to the pyramids instead robs him of what money he had made from selling his sheep. Santiago then embarks on a long path of working for a crystal merchant so as to make enough money to fulfil his personal legend and go to the pyramids.",
      "review2": "Along the way, the boy meets an Englishman who has come in search of an alchemist and continues his travels in his new companion's company. When they reach an oasis, Santiago meets and falls in love with an Arabian girl named Fatima, to whom he proposes marriage. She promises to do so only after he completes his journey. Frustrated at first, he later learns that true love will not stop nor must one sacrifice to it one's personal destiny, since to do so robs it of truth. "
    },
    {
      "id": 1,
      "name": "The Alchemist",
      "author": "paulo cohleo",
      "date": "1985",
      "genre": "inspiration",
      "review1": "The Pyramids of Giza Early in his arrival to Africa a man who claims to be able to take Santiago to the pyramids instead robs him of what money he had made from selling his sheep. Santiago then embarks on a long path of working for a crystal merchant so as to make enough money to fulfil his personal legend and go to the pyramids.",
      "rating": 5,
      "review2": "Along the way, the boy meets an Englishman who has come in search of an alchemist and continues his travels in his new companion's company. When they reach an oasis, Santiago meets and falls in love with an Arabian girl named Fatima, to whom he proposes marriage. She promises to do so only after he completes his journey. Frustrated at first, he later learns that true love will not stop nor must one sacrifice to it one's personal destiny, since to do so robs it of truth. ",
      "language": "english",
      "comments": [
        {
          "user": "sdjj",
          "rating": 5
        }
      ]
    },
    {
      "id": 9,
      "name": "discover your destiny",
      "author": "robin sharma",
      "date": "1990",
      "genre": "slice of life",
      "rating": 4,
      "review1": "The Pyramids of Giza Early in his arrival to Africa a man who claims to be able to take Santiago to the pyramids instead robs him of what money he had made from selling his sheep. Santiago then embarks on a long path of working for a crystal merchant so as to make enough money to fulfil his personal legend and go to the pyramids.",
      "review2": "Along the way, the boy meets an Englishman who has come in search of an alchemist and continues his travels in his new companion's company. When they reach an oasis, Santiago meets and falls in love with an Arabian girl named Fatima, to whom he proposes marriage. She promises to do so only after he completes his journey. Frustrated at first, he later learns that true love will not stop nor must one sacrifice to it one's personal destiny, since to do so robs it of truth. "
    }
  ],
  "books-user1": [
    {
      "id": 4,
      "name": "Swamy and friends",
      "author": "R.K.Narayan",
      "date": "1958",
      "genre": "social",
      "review1": "The Pyramids of Giza Early in his arrival to Africa a man who claims to be able to take Santiago to the pyramids instead robs him of what money he had made from selling his sheep. Santiago then embarks on a long path of working for a crystal merchant so as to make enough money to fulfil his personal legend and go to the pyramids.",
      "review2": "Along the way, the boy meets an Englishman who has come in search of an alchemist and continues his travels in his new companion's company. When they reach an oasis, Santiago meets and falls in love with an Arabian girl named Fatima, to whom he proposes marriage. She promises to do so only after he completes his journey. Frustrated at first, he later learns that true love will not stop nor must one sacrifice to it one's personal destiny, since to do so robs it of truth. ",
      "rating": 1,
      "language": "english"
    },
    {
      "id": 20,
      "name": "as you like it",
      "author": "william shakespheare",
      "date": "1985",
      "genre": "comedy",
      "rating": 4,
      "review1": "As You Like It is a pastoral comedy by William Shakespeare believed to have been written in 1599 and first published in the First Folio in 1623. The play's first performance is uncertain, though a performance at Wilton House in 1603 has been suggested as a possibility."
    },
    {
      "id": 19,
      "name": "king henry",
      "author": "william shakespheare",
      "date": "1985",
      "genre": "love",
      "rating": 2,
      "review1": "Henry VIII was King of England from 1509 until his death. Henry was the second Tudor monarch, succeeding his father, Henry VII. Henry is best known for his six marriages, in particular his efforts to have his first marriage, to Catherine of Aragon, annulled"
    },
    {
      "id": 10,
      "name": "who cries when you die",
      "author": "robin sharma",
      "date": "2002",
      "genre": "horror",
      "rating": 3,
      "review1": "The Pyramids of Giza Early in his arrival to Africa a man who claims to be able to take Santiago to the pyramids instead robs him of what money he had made from selling his sheep. Santiago then embarks on a long path of working for a crystal merchant so as to make enough money to fulfil his personal legend and go to the pyramids.",
      "review2": "Along the way, the boy meets an Englishman who has come in search of an alchemist and continues his travels in his new companion's company. When they reach an oasis, Santiago meets and falls in love with an Arabian girl named Fatima, to whom he proposes marriage. She promises to do so only after he completes his journey. Frustrated at first, he later learns that true love will not stop nor must one sacrifice to it one's personal destiny, since to do so robs it of truth. "
    },
    {
      "id": 8,
      "name": "the monk who sold his ferrari",
      "author": "robin sharma",
      "date": "1990",
      "genre": "inspiration",
      "rating": 5,
      "review1": "The Pyramids of Giza Early in his arrival to Africa a man who claims to be able to take Santiago to the pyramids instead robs him of what money he had made from selling his sheep. Santiago then embarks on a long path of working for a crystal merchant so as to make enough money to fulfil his personal legend and go to the pyramids.",
      "review2": "Along the way, the boy meets an Englishman who has come in search of an alchemist and continues his travels in his new companion's company. When they reach an oasis, Santiago meets and falls in love with an Arabian girl named Fatima, to whom he proposes marriage. She promises to do so only after he completes his journey. Frustrated at first, he later learns that true love will not stop nor must one sacrifice to it one's personal destiny, since to do so robs it of truth. "
    }
  ],
  "books-user2": [
    {
      "id": 28,
      "name": "the tiger in the tunnel",
      "author": "ruskin bond",
      "date": "2005",
      "genre": "thriller",
      "rating": 5
    },
    {
      "id": 27,
      "name": "the blue umbrella",
      "author": "ruskin bond",
      "date": "2010",
      "genre": "fantasy",
      "rating": 2
    }
  ],
  "books-user3": [
    {
      "id": 11,
      "name": "the secret letters",
      "author": "robin sharma",
      "date": "1999",
      "genre": "mystery",
      "rating": 4,
      "review1": "The Pyramids of Giza Early in his arrival to Africa a man who claims to be able to take Santiago to the pyramids instead robs him of what money he had made from selling his sheep. Santiago then embarks on a long path of working for a crystal merchant so as to make enough money to fulfil his personal legend and go to the pyramids.",
      "review2": "Along the way, the boy meets an Englishman who has come in search of an alchemist and continues his travels in his new companion's company. When they reach an oasis, Santiago meets and falls in love with an Arabian girl named Fatima, to whom he proposes marriage. She promises to do so only after he completes his journey. Frustrated at first, he later learns that true love will not stop nor must one sacrifice to it one's personal destiny, since to do so robs it of truth. "
    },
    {
      "id": 23,
      "name": "perfect murder",
      "author": "ruskin bond",
      "date": "2001",
      "genre": "mystery",
      "rating": 1
    }
  ]
}