{
  "employees": [
    {
      "id": 14,
      "name": "zara",
      "market": "spdajfl;a",
      "reportType": "program",
      "date": "13/01/2018",
      "period": "September 2018",
      "img":"/assests/showcase/images/1.jpg"
    },
    {
      "id": 16,
      "name": "chaitanya",
      "market": "germany",
      "reportType": "program",
      "date": "20/04/2016",
      "period": "november 2017"
    },
    {
      "id": 17,
      "name": "galce & gabana",
      "market": "new york",
      "reportType": "program",
      "date": "29/05/2018",
      "period": "August 2013"
    },
    {
      "id": 18,
      "name": "twills",
      "market": "los vegas",
      "reportType": "program",
      "date": "17/11/2015",
      "period": "August 2013"
    },
    {
      "id": 4,
      "name": "bourbon",
      "market": "swiss",
      "reportType": "program",
      "date": "13/01/2018",
      "period": "September 2018"
    },
    {
      "id": 5,
      "name": "magicx",
      "market": "london",
      "reportType": "program",
      "date": "17/11/2015",
      "period": "August 2013"
    },
    {
      "id": 6,
      "name": "adidas",
      "market": "germany",
      "reportType": "program",
      "date": "20/04/2016",
      "period": "november 2017"
    },
    {
      "id": 7,
      "name": "galce & gabana",
      "market": "new york",
      "reportType": "program",
      "date": "29/05/2018",
      "period": "August 2013"
    },
    {
      "id": 8,
      "name": "unitz",
      "market": "polland",
      "reportType": "program",
      "date": "17/11/2015",
      "period": "August 2013"
    },
    {
      "id": 19,
      "name": "tesla",
      "date": "11/25/2016",
      "market": "dfrgth"
    },
    {
      "id": 20,
      "name": "vfxbgbnxxxxxxxxxxxxx",
      "date": "25/01/1998",
      "market": "fgfgf"
    },
    {
      "id": 21,
      "name": "bourbon",
      "market": "swiss",
      "reportType": "program",
      "date": "13/01/2018",
      "period": "September 2018"
    },
    {
      "id": 22,
      "name": "magicx",
      "market": "london",
      "reportType": "program",
      "date": "17/11/2015",
      "period": "August 2013"
    },
    {
      "id": 23,
      "name": "adidas",
      "market": "germany",
      "reportType": "program",
      "date": "20/04/2016",
      "period": "november 2017"
    },
    {
      "id": 24,
      "name": "galce & gabana",
      "market": "new york",
      "reportType": "program",
      "date": "29/05/2018",
      "period": "August 2013"
    },
    {
      "id": 25,
      "name": "unitz",
      "market": "polland",
      "reportType": "program",
      "date": "17/11/2015",
      "period": "August 2013"
    },
    {
      "id": 26,
      "name": "tesla",
      "date": "11/25/2016",
      "market": "dfrgth"
    },
    {
      "id": 27,
      "name": "vfxbgbn",
      "date": "25/01/1998",
      "market": "fgfgf"
    },
    {
      "id": 28,
      "name": "c---b",
      "date": "11/25/2016",
      "market": "bali"
    },
    {
      "id": 29,
      "name": "zara",
      "market": "spdajfl;a",
      "reportType": "program",
      "date": "13/01/2018",
      "period": "September 2018"
    },
    {
      "id": 30,
      "name": "adidas",
      "market": "germany",
      "reportType": "program",
      "date": "20/04/2016",
      "period": "november 2017"
    },
    {
      "id": 31,
      "name": "galce & gabana",
      "market": "new york",
      "reportType": "program",
      "date": "29/05/2018",
      "period": "August 2013"
    },
    {
      "id": 32,
      "name": "twills",
      "market": "los vegas",
      "reportType": "program",
      "date": "17/11/2015",
      "period": "August 2013"
    },
    {
      "id": 33,
      "name": "bourbon",
      "market": "swiss",
      "reportType": "program",
      "date": "13/01/2018",
      "period": "September 2018"
    },
    {
      "id": 34,
      "name": "magicx",
      "market": "london",
      "reportType": "program",
      "date": "17/11/2015",
      "period": "August 2013"
    },
    {
      "id": 35,
      "name": "adidas",
      "market": "germany",
      "reportType": "program",
      "date": "20/04/2016",
      "period": "november 2017"
    },
    {
      "id": 37,
      "name": "galce & gabana",
      "market": "new york",
      "reportType": "program",
      "date": "29/05/2018",
      "period": "August 2013"
    },
    {
      "id": 38,
      "name": "unitz",
      "market": "polland",
      "reportType": "program",
      "date": "17/11/2015",
      "period": "August 2013"
    },
    {
      "id": 39,
      "name": "tesla",
      "date": "11/25/2016",
      "market": "dfrgth"
    },
    {
      "id": 36,
      "name": "vfxbgbn",
      "date": "25/01/1998",
      "market": "fgfgf"
    },
    {
      "id": 39,
      "name": "c---b",
      "date": "11/25/2016",
      "market": "bali"
    }
  ]
}
